"Question","Performance"
"Q1",88.8888888888889
"Q3",77.7777777777778
"Q4",88.8888888888889
"Q5",100
"Q6",87.5
"Q8",50
